<?xml version="1.0" encoding="UTF-8" ?>
<!-- Created by Professor Wergeles for CS2830 at the University of Missouri -->

<movies>
    <movie>
        <title>Gone with the Wind</title>
        <year>1939</year>
    </movie>
    <movie>
        <title>2001: A Space Odyssey</title>
        <year>1968</year>
    </movie>
    <movie>
        <title>Jurassic Park</title>
        <year>1993</year>
    </movie>
    <movie>
        <title>The Shawshank Redemption</title>
        <year>1994</year>
    </movie>
    <movie>
        <title>Balto</title>
        <year>1995</year>
    </movie>
    <movie>
        <title>Mulan</title>
        <year>1998</year>
    </movie>
    <movie>
        <title>The Matrix</title>
        <year>1999</year>
    </movie>
    <movie>
    	<title>He's Just Not That Into You</title>
    	<year>2009</year>
    </movie>
</movies>
